epoch,time,train/box_loss,train/cls_loss,train/dfl_loss,metrics/precision(B),metrics/recall(B),metrics/mAP50(B),metrics/mAP50-95(B),val/box_loss,val/cls_loss,val/dfl_loss,lr/pg0,lr/pg1,lr/pg2
1,4.72483,1.87856,3.5762,1.11245,0.00512,0.03175,0.00404,0.00173,1.76409,4.58813,1.09716,0.000651515,0.000651515,0.000651515
2,7.32876,2.25857,3.26236,1.22217,0.00303,0.31746,0.00202,0.00111,1.80854,8.4449,1.20382,0.00131557,0.00131557,0.00131557
3,9.89751,2.50689,2.89776,1.39325,0.02232,0.53968,0.02066,0.00676,2.60526,4.64307,1.78176,0.00197699,0.00197699,0.00197699
4,12.5339,2.48219,6.67321,1.54774,0.38028,0.42857,0.33752,0.10149,1.9982,12.3124,1.48746,0.00198812,0.00198812,0.00198812
5,15.181,2.71279,6.89346,1.63484,0.00016,0.01587,9e-05,4e-05,3.41546,nan,2.45408,0.00198416,0.00198416,0.00198416
6,17.7404,2.79558,4.1209,1.54295,0.00016,0.01587,9e-05,4e-05,nan,nan,nan,0.0019802,0.0019802,0.0019802
7,20.3011,2.38889,2.35003,1.40504,0.00016,0.01587,9e-05,4e-05,nan,nan,nan,0.00197624,0.00197624,0.00197624
8,22.8638,2.64151,2.4964,1.5185,0.00016,0.01587,9e-05,4e-05,nan,nan,nan,0.00197228,0.00197228,0.00197228
9,25.4702,2.252,2.11096,1.2473,0.13934,0.11111,0.03089,0.01496,nan,nan,nan,0.00196832,0.00196832,0.00196832
10,28.0757,2.39235,1.85238,1.34836,0.26648,0.46032,0.2155,0.10182,1.98236,2.67267,1.88589,0.00196436,0.00196436,0.00196436
11,30.6892,2.24846,1.61653,1.30641,0.36156,0.5873,0.35379,0.12665,2.05695,4.91326,1.49028,0.0019604,0.0019604,0.0019604
12,33.3638,2.17389,1.56704,1.27226,0.48266,0.69841,0.48572,0.19668,1.86958,2.1723,1.24041,0.00195644,0.00195644,0.00195644
13,36.0542,1.96415,1.44642,1.17511,0.44544,0.82876,0.49441,0.24988,1.64239,1.61742,1.15683,0.00195248,0.00195248,0.00195248
14,38.7197,1.95439,1.44232,1.24447,0.56285,0.80952,0.62955,0.33888,1.65537,1.87004,1.14826,0.00194852,0.00194852,0.00194852
15,41.3987,1.79873,1.26845,1.13955,0.66897,0.66667,0.65459,0.35888,1.52233,1.19453,1.08587,0.00194456,0.00194456,0.00194456
16,44.0688,1.73486,1.26027,1.09423,0.52475,0.63492,0.64167,0.35905,1.54698,1.26717,1.07807,0.0019406,0.0019406,0.0019406
17,46.69,1.71694,1.29543,1.10965,0.62314,0.76114,0.72833,0.41797,1.42259,1.65612,1.03785,0.00193664,0.00193664,0.00193664
18,49.3713,1.68634,1.29309,1.13732,0.61918,0.65079,0.71275,0.39163,1.54429,1.63418,1.1036,0.00193268,0.00193268,0.00193268
19,51.9809,1.69941,1.20448,1.09839,0.71453,0.7619,0.79618,0.50396,1.38196,1.25626,1.02803,0.00192872,0.00192872,0.00192872
20,54.6713,1.64938,1.1667,1.05839,0.7577,0.74457,0.81353,0.44802,1.44146,1.38039,1.08132,0.00192476,0.00192476,0.00192476
21,57.2818,1.60382,1.21246,1.10943,0.66812,0.65079,0.70062,0.35024,1.57462,1.24559,1.14239,0.0019208,0.0019208,0.0019208
22,59.8966,1.66362,1.11758,1.04286,0.57457,0.5574,0.55899,0.28496,1.57074,1.40234,1.09002,0.00191684,0.00191684,0.00191684
23,62.5218,1.55471,1.1486,1.05785,0.73555,0.87302,0.85685,0.56822,1.24559,1.06198,0.96815,0.00191288,0.00191288,0.00191288
24,65.2055,1.56714,1.05183,1.02237,0.79473,0.79365,0.87641,0.53783,1.40427,1.02589,1.03027,0.00190892,0.00190892,0.00190892
25,67.8268,1.54097,1.06025,1.07223,0.73386,0.85714,0.86075,0.51062,1.39792,0.97035,1.03635,0.00190496,0.00190496,0.00190496
26,70.4403,1.48605,1.0452,1.01351,0.8575,0.80952,0.867,0.54501,1.31913,0.93724,1.00556,0.001901,0.001901,0.001901
27,73.0518,1.43119,1.03784,1.02192,0.71314,0.79365,0.80882,0.48794,1.40613,1.01359,1.01102,0.00189704,0.00189704,0.00189704
28,75.6852,1.50113,1.04211,1.06158,0.79958,0.82327,0.87524,0.58217,1.19681,1.02959,0.95974,0.00189308,0.00189308,0.00189308
29,78.3666,1.49223,1.01587,1.01715,0.7168,0.84371,0.84307,0.54906,1.23643,1.00919,0.9733,0.00188912,0.00188912,0.00188912
30,80.9822,1.45157,1.0305,1.01884,0.69446,0.85714,0.82255,0.48936,1.35174,1.08284,1.00524,0.00188516,0.00188516,0.00188516
31,83.6048,1.42856,0.98047,1.01151,0.68453,0.79365,0.81531,0.5016,1.37526,0.98866,1.01972,0.0018812,0.0018812,0.0018812
32,86.2402,1.50843,1.03332,1.00676,0.8037,0.77989,0.86786,0.53007,1.34851,0.91163,1.00909,0.00187724,0.00187724,0.00187724
33,88.8686,1.45087,0.97465,1.01881,0.80524,0.72198,0.84487,0.49183,1.50755,0.95472,1.04627,0.00187328,0.00187328,0.00187328
34,91.493,1.50822,0.98582,1.03157,0.73821,0.80952,0.83605,0.52006,1.39626,0.95077,1.02654,0.00186932,0.00186932,0.00186932
35,94.1112,1.39718,0.93587,0.9888,0.83121,0.78171,0.88224,0.55903,1.3316,0.93913,1.00037,0.00186536,0.00186536,0.00186536
36,96.7427,1.49053,0.97375,1.03062,0.78367,0.8254,0.90382,0.58436,1.30224,0.92308,0.97289,0.0018614,0.0018614,0.0018614
37,99.4405,1.4451,0.95557,1.04527,0.83256,0.71038,0.86279,0.54622,1.34978,0.91251,1.00245,0.00185744,0.00185744,0.00185744
38,102.06,1.31188,0.87907,0.98047,0.76684,0.67871,0.79062,0.4754,1.39464,0.97256,1.02476,0.00185348,0.00185348,0.00185348
39,104.69,1.36068,0.89245,0.99261,0.74691,0.69841,0.79134,0.48729,1.36774,0.9992,1.01034,0.00184952,0.00184952,0.00184952
40,107.31,1.31029,0.8631,0.9687,0.81462,0.69752,0.75387,0.46733,1.37825,1.03816,1.01185,0.00184556,0.00184556,0.00184556
41,109.943,1.36424,0.8432,0.9645,0.74253,0.8254,0.84563,0.5416,1.29177,0.90994,0.98463,0.0018416,0.0018416,0.0018416
42,112.57,1.30395,0.86004,0.97844,0.7971,0.79365,0.88771,0.58343,1.2727,0.83858,0.98663,0.00183764,0.00183764,0.00183764
43,115.185,1.35425,0.83793,0.98014,0.83093,0.87302,0.89094,0.58675,1.27091,0.85656,0.9679,0.00183368,0.00183368,0.00183368
44,117.895,1.30246,0.86476,0.98897,0.76791,0.80952,0.86561,0.53781,1.36103,0.86902,1.00621,0.00182972,0.00182972,0.00182972
45,120.506,1.26295,0.83839,0.97632,0.73788,0.73016,0.84673,0.50401,1.3773,0.93966,1.01774,0.00182576,0.00182576,0.00182576
46,123.125,1.27388,0.87871,0.97855,0.83558,0.80952,0.9068,0.59103,1.22582,0.80237,0.95801,0.0018218,0.0018218,0.0018218
47,125.825,1.29544,0.86242,0.96711,0.92063,0.73653,0.88957,0.59813,1.24491,0.83297,0.95632,0.00181784,0.00181784,0.00181784
48,128.515,1.26142,0.81154,0.99072,0.78695,0.80952,0.88521,0.58184,1.28494,0.88803,0.97587,0.00181388,0.00181388,0.00181388
49,131.144,1.27506,0.81061,0.98122,0.77924,0.84127,0.88334,0.58921,1.23799,0.83123,0.95394,0.00180992,0.00180992,0.00180992
50,133.767,1.29762,0.84943,0.98587,0.86482,0.81241,0.91243,0.59942,1.21643,0.84336,0.95391,0.00180596,0.00180596,0.00180596
51,136.458,1.31928,0.8073,0.96353,0.85461,0.85714,0.91623,0.63533,1.19003,0.84582,0.93469,0.001802,0.001802,0.001802
52,139.153,1.3068,0.83944,0.99165,0.89496,0.80952,0.90228,0.59509,1.30951,0.78892,0.96814,0.00179804,0.00179804,0.00179804
53,141.771,1.28602,0.81021,0.98711,0.83754,0.81838,0.90302,0.59602,1.29183,0.84218,0.98147,0.00179408,0.00179408,0.00179408
54,144.388,1.31913,0.81509,0.99226,0.79164,0.84127,0.89601,0.61461,1.21343,0.79124,0.95318,0.00179012,0.00179012,0.00179012
55,147.022,1.23851,0.76988,0.96285,0.8952,0.77778,0.89386,0.58261,1.2325,0.79294,0.96324,0.00178616,0.00178616,0.00178616
56,149.653,1.34937,0.86237,0.96816,0.82922,0.8254,0.89067,0.57794,1.21505,0.79107,0.95867,0.0017822,0.0017822,0.0017822
57,152.277,1.25907,0.80049,0.97978,0.77705,0.84127,0.87075,0.5652,1.2856,0.82455,0.97318,0.00177824,0.00177824,0.00177824
58,154.905,1.21344,0.76885,0.97278,0.84488,0.79365,0.89981,0.59032,1.25648,0.85567,0.96808,0.00177428,0.00177428,0.00177428
59,157.541,1.22606,0.80301,0.96239,0.81051,0.85714,0.89813,0.6323,1.14936,0.8289,0.94099,0.00177032,0.00177032,0.00177032
60,160.198,1.26696,0.78074,0.96264,0.75174,0.85714,0.87084,0.5948,1.20643,0.80109,0.95276,0.00176636,0.00176636,0.00176636
61,162.837,1.25728,0.78827,0.98459,0.78463,0.84127,0.89674,0.61742,1.20846,0.80588,0.94811,0.0017624,0.0017624,0.0017624
62,165.459,1.2033,0.76319,0.9546,0.74343,0.87388,0.90302,0.63215,1.19112,0.76652,0.94167,0.00175844,0.00175844,0.00175844
63,168.109,1.24043,0.73486,0.94358,0.81651,0.92063,0.91228,0.63718,1.20745,0.73754,0.95361,0.00175448,0.00175448,0.00175448
64,170.812,1.26703,0.7731,0.96891,0.84383,0.87302,0.91915,0.67777,1.09676,0.75675,0.91466,0.00175052,0.00175052,0.00175052
65,173.514,1.24298,0.78566,0.93577,0.8671,0.84127,0.91064,0.64948,1.15978,0.76468,0.93195,0.00174656,0.00174656,0.00174656
66,176.143,1.20998,0.74897,0.93966,0.87884,0.80597,0.91619,0.63359,1.19111,0.73208,0.93425,0.0017426,0.0017426,0.0017426
67,178.76,1.22259,0.7525,0.93375,0.79583,0.84127,0.89155,0.63278,1.14759,0.76873,0.91279,0.00173864,0.00173864,0.00173864
68,181.392,1.15408,0.69485,0.91678,0.93895,0.7619,0.90784,0.63307,1.19264,0.73798,0.94556,0.00173468,0.00173468,0.00173468
69,184.013,1.18122,0.71069,0.92829,0.90875,0.8254,0.9218,0.66381,1.11975,0.70669,0.92385,0.00173072,0.00173072,0.00173072
70,186.637,1.21134,0.74515,0.95434,0.81803,0.85628,0.90253,0.60738,1.20504,0.76976,0.94587,0.00172676,0.00172676,0.00172676
71,189.269,1.14299,0.68755,0.92872,0.84945,0.88889,0.92176,0.62017,1.21393,0.7638,0.95818,0.0017228,0.0017228,0.0017228
72,191.89,1.18161,0.74515,0.93926,0.88088,0.84127,0.9093,0.60738,1.24349,0.7718,0.96318,0.00171884,0.00171884,0.00171884
73,194.525,1.1607,0.68178,0.94954,0.89059,0.92063,0.92651,0.6292,1.17441,0.90009,0.92762,0.00171488,0.00171488,0.00171488
74,197.149,1.19955,0.78945,0.94926,0.88899,0.8898,0.90636,0.61521,1.16313,0.83307,0.92673,0.00171092,0.00171092,0.00171092
75,199.77,1.18627,0.75005,0.93183,0.85573,0.8254,0.88663,0.60616,1.19007,0.80317,0.93897,0.00170696,0.00170696,0.00170696
76,202.403,1.18382,0.7281,0.95973,0.88247,0.90476,0.91411,0.63144,1.16413,0.7159,0.9259,0.001703,0.001703,0.001703
77,205.027,1.176,0.741,0.93214,0.88604,0.87302,0.9126,0.62663,1.15053,0.74239,0.92973,0.00169904,0.00169904,0.00169904
78,207.656,1.16899,0.73389,0.93728,0.83315,0.87186,0.88942,0.61961,1.14893,0.77015,0.93682,0.00169508,0.00169508,0.00169508
79,210.295,1.15991,0.69427,0.92711,0.73778,0.8254,0.84832,0.57409,1.21993,0.84363,0.94948,0.00169112,0.00169112,0.00169112
80,212.931,1.13786,0.72433,0.93021,0.82038,0.77778,0.87578,0.59444,1.22616,0.82179,0.94834,0.00168716,0.00168716,0.00168716
81,215.598,1.11251,0.6831,0.92308,0.92148,0.7619,0.90378,0.60245,1.17925,0.76378,0.94518,0.0016832,0.0016832,0.0016832
82,218.265,1.12049,0.67269,0.92974,0.91862,0.80952,0.91628,0.6482,1.17433,0.73614,0.94389,0.00167924,0.00167924,0.00167924
83,220.918,1.17703,0.71152,0.94037,0.92721,0.80878,0.91021,0.63414,1.17157,0.77776,0.94868,0.00167528,0.00167528,0.00167528
84,223.565,1.13312,0.68926,0.91322,0.80444,0.8254,0.87375,0.60651,1.22259,0.79862,0.94856,0.00167132,0.00167132,0.00167132
85,226.214,1.12329,0.65624,0.91975,0.82109,0.80952,0.87603,0.60769,1.18426,0.75623,0.94799,0.00166736,0.00166736,0.00166736
86,228.855,1.17223,0.70953,0.90529,0.83227,0.85714,0.9006,0.64831,1.11202,0.71304,0.92909,0.0016634,0.0016634,0.0016634
87,231.49,1.16084,0.71562,0.95341,0.89673,0.85714,0.9247,0.65965,1.15496,0.72199,0.94173,0.00165944,0.00165944,0.00165944
88,234.12,1.16543,0.665,0.92656,0.91118,0.84127,0.91821,0.6376,1.19883,0.73628,0.95527,0.00165548,0.00165548,0.00165548
89,236.757,1.13537,0.63839,0.92824,0.87547,0.88889,0.92151,0.66603,1.13896,0.73471,0.93167,0.00165152,0.00165152,0.00165152
90,239.394,1.20028,0.71439,0.94117,0.92088,0.8254,0.90908,0.61803,1.2343,0.78396,0.95925,0.00164756,0.00164756,0.00164756
91,242.021,1.0992,0.65649,0.92671,0.87601,0.89725,0.91271,0.61224,1.21767,0.74372,0.96969,0.0016436,0.0016436,0.0016436
92,244.695,1.16267,0.68157,0.93419,0.87922,0.80882,0.89554,0.61701,1.09816,0.7502,0.92279,0.00163964,0.00163964,0.00163964
93,247.335,1.17649,0.68856,0.94915,0.862,0.84127,0.88278,0.55853,1.26594,0.80116,0.97873,0.00163568,0.00163568,0.00163568
94,249.972,1.16155,0.68286,0.94369,0.86578,0.81915,0.86855,0.58801,1.20506,0.7802,0.95659,0.00163172,0.00163172,0.00163172
95,252.609,1.1698,0.67696,0.92069,0.85395,0.85714,0.89153,0.64586,1.08081,0.69561,0.90748,0.00162776,0.00162776,0.00162776
96,255.239,1.12014,0.65593,0.92249,0.91064,0.87302,0.92118,0.65525,1.16552,0.70234,0.93345,0.0016238,0.0016238,0.0016238
97,257.876,1.19788,0.70959,0.94793,0.88873,0.85714,0.90305,0.63895,1.14499,0.72844,0.91822,0.00161984,0.00161984,0.00161984
98,260.509,1.11662,0.65417,0.90538,0.88202,0.83074,0.888,0.63169,1.12623,0.72346,0.92065,0.00161588,0.00161588,0.00161588
99,263.128,1.11076,0.64393,0.92826,0.8292,0.85714,0.87893,0.57067,1.21377,0.76219,0.96117,0.00161192,0.00161192,0.00161192
100,265.768,1.11585,0.64623,0.93217,0.85845,0.87302,0.90083,0.62163,1.1831,0.75594,0.94649,0.00160796,0.00160796,0.00160796
101,268.393,1.06337,0.63806,0.91324,0.89913,0.84904,0.90245,0.65136,1.10966,0.71506,0.92371,0.001604,0.001604,0.001604
102,271.02,1.07994,0.64625,0.91845,0.90411,0.85714,0.90656,0.64183,1.15034,0.70384,0.9284,0.00160004,0.00160004,0.00160004
103,273.664,1.14515,0.65352,0.94113,0.86393,0.80631,0.87895,0.61522,1.18039,0.79005,0.92726,0.00159608,0.00159608,0.00159608
104,276.286,1.09943,0.63222,0.9399,0.88402,0.84695,0.89612,0.62385,1.18665,0.78287,0.92628,0.00159212,0.00159212,0.00159212
105,278.925,1.13669,0.66167,0.93668,0.90993,0.87302,0.93277,0.6605,1.1348,0.67295,0.91585,0.00158816,0.00158816,0.00158816
106,281.58,1.08402,0.65506,0.91398,0.93476,0.80952,0.9219,0.6497,1.16661,0.69319,0.92745,0.0015842,0.0015842,0.0015842
107,284.225,1.09558,0.65448,0.94128,0.89649,0.84127,0.9203,0.64579,1.17638,0.69583,0.92896,0.00158024,0.00158024,0.00158024
108,286.865,1.12568,0.66065,0.91691,0.90666,0.87302,0.91306,0.66178,1.04856,0.65002,0.89756,0.00157628,0.00157628,0.00157628
109,289.5,1.1352,0.66194,0.94309,0.8636,0.90446,0.93604,0.67637,1.0492,0.63237,0.89587,0.00157232,0.00157232,0.00157232
110,292.206,1.11941,0.65821,0.90424,0.8561,0.90476,0.93344,0.65515,1.15052,0.65369,0.9214,0.00156836,0.00156836,0.00156836
111,294.843,1.09131,0.65166,0.92437,0.8381,0.82173,0.89082,0.65731,1.05413,0.71388,0.90446,0.0015644,0.0015644,0.0015644
112,297.464,1.04175,0.61225,0.92228,0.76371,0.84127,0.86373,0.62306,1.07914,0.7775,0.91468,0.00156044,0.00156044,0.00156044
113,300.096,1.06656,0.64576,0.92312,0.84696,0.85714,0.9079,0.63747,1.13827,0.75969,0.93334,0.00155648,0.00155648,0.00155648
114,302.72,1.07849,0.63978,0.92514,0.88191,0.84127,0.92796,0.67143,1.10958,0.74816,0.92776,0.00155252,0.00155252,0.00155252
115,305.341,1.095,0.65415,0.91081,0.89843,0.8424,0.91596,0.66538,1.07474,0.6752,0.90855,0.00154856,0.00154856,0.00154856
116,307.979,1.06872,0.61493,0.91123,0.8511,0.81664,0.90161,0.63211,1.1309,0.74447,0.91971,0.0015446,0.0015446,0.0015446
117,310.601,1.11843,0.63929,0.92404,0.79027,0.90476,0.91049,0.65536,1.08324,0.7015,0.90817,0.00154064,0.00154064,0.00154064
118,313.223,1.06223,0.5948,0.94247,0.86645,0.85714,0.91347,0.66326,1.09034,0.71328,0.91726,0.00153668,0.00153668,0.00153668
119,315.855,1.08223,0.63103,0.9159,0.87992,0.69792,0.8393,0.58976,1.17507,0.83482,0.9358,0.00153272,0.00153272,0.00153272
120,318.472,1.10884,0.63646,0.89547,0.75855,0.74803,0.79307,0.54352,1.21784,0.91259,0.9467,0.00152876,0.00152876,0.00152876
121,321.105,1.07488,0.6313,0.90348,0.85926,0.87217,0.88949,0.6375,1.14086,0.75538,0.92168,0.0015248,0.0015248,0.0015248
122,323.734,1.05842,0.63234,0.92087,0.87622,0.87302,0.89086,0.64267,1.13337,0.72691,0.91732,0.00152084,0.00152084,0.00152084
123,326.363,1.11676,0.64135,0.93739,0.88641,0.86713,0.90593,0.63703,1.14146,0.7463,0.92407,0.00151688,0.00151688,0.00151688
124,328.99,1.06178,0.63488,0.91138,0.85211,0.92063,0.90402,0.66499,1.08725,0.71204,0.90534,0.00151292,0.00151292,0.00151292
125,331.654,1.02082,0.58132,0.90821,0.8251,0.90476,0.90169,0.65763,1.08794,0.75279,0.90624,0.00150896,0.00150896,0.00150896
126,334.304,1.0728,0.61055,0.91369,0.83926,0.88889,0.90615,0.66017,1.10626,0.72893,0.91736,0.001505,0.001505,0.001505
127,336.963,1.02352,0.63446,0.90872,0.87301,0.87299,0.90784,0.6326,1.15055,0.74038,0.92909,0.00150104,0.00150104,0.00150104
128,339.611,1.07334,0.64977,0.92389,0.89675,0.82719,0.92294,0.67149,1.10692,0.70395,0.91587,0.00149708,0.00149708,0.00149708
129,342.255,1.11547,0.64748,0.92422,0.90073,0.86417,0.92484,0.66234,1.06821,0.69079,0.89355,0.00149312,0.00149312,0.00149312
130,344.897,1.02157,0.6068,0.89978,0.86785,0.83401,0.91073,0.65305,1.07716,0.71451,0.8989,0.00148916,0.00148916,0.00148916
131,347.522,1.02849,0.58305,0.90492,0.76225,0.74603,0.82889,0.58566,1.18238,0.87655,0.93255,0.0014852,0.0014852,0.0014852
132,350.16,1.04349,0.58618,0.91139,0.85493,0.93651,0.90365,0.65593,1.07774,0.79603,0.90623,0.00148124,0.00148124,0.00148124
133,352.798,1.03916,0.59581,0.90029,0.85976,0.92063,0.92974,0.63544,1.16724,0.7571,0.95211,0.00147728,0.00147728,0.00147728
134,355.46,1.04629,0.62004,0.9212,0.86932,0.92063,0.9303,0.64283,1.20681,0.69505,0.96548,0.00147332,0.00147332,0.00147332
135,358.098,1.05272,0.61719,0.90754,0.93075,0.85341,0.91259,0.64244,1.12835,0.68802,0.92102,0.00146936,0.00146936,0.00146936
136,360.722,1.07715,0.61269,0.94033,0.87084,0.90476,0.92044,0.62692,1.23227,0.6942,0.9591,0.0014654,0.0014654,0.0014654
137,363.372,1.1063,0.63459,0.92491,0.92656,0.87302,0.92904,0.63968,1.20045,0.69401,0.96516,0.00146144,0.00146144,0.00146144
138,366.002,1.08264,0.60559,0.89989,0.85172,0.90476,0.92255,0.6572,1.11227,0.67892,0.92423,0.00145748,0.00145748,0.00145748
139,368.618,1.07081,0.59553,0.91293,0.87021,0.85143,0.90162,0.63648,1.10347,0.69873,0.92706,0.00145352,0.00145352,0.00145352
140,371.259,1.07395,0.61895,0.91962,0.8683,0.83728,0.88195,0.61547,1.11198,0.77751,0.92511,0.00144956,0.00144956,0.00144956
141,373.883,1.03597,0.5878,0.91824,0.84219,0.88889,0.89154,0.63554,1.12037,0.75215,0.92498,0.0014456,0.0014456,0.0014456
142,376.511,1.05729,0.58202,0.89249,0.87854,0.85714,0.90454,0.65465,1.04968,0.68806,0.90813,0.00144164,0.00144164,0.00144164
143,379.149,1.00108,0.57639,0.89564,0.91237,0.8254,0.9207,0.6692,1.0627,0.6782,0.90528,0.00143768,0.00143768,0.00143768
144,381.776,0.94682,0.55861,0.88677,0.85794,0.88889,0.9271,0.65483,1.13995,0.68287,0.9262,0.00143372,0.00143372,0.00143372
145,384.418,1.03797,0.59791,0.89613,0.9163,0.86891,0.91673,0.68026,1.02747,0.68363,0.89734,0.00142976,0.00142976,0.00142976
146,387.12,0.99146,0.5726,0.89717,0.93292,0.88312,0.92147,0.66547,1.0674,0.66153,0.90635,0.0014258,0.0014258,0.0014258
147,389.745,1.02302,0.58088,0.91889,0.91754,0.88318,0.91715,0.66495,1.08328,0.66241,0.91327,0.00142184,0.00142184,0.00142184
148,392.387,1.04294,0.59197,0.89318,0.84109,0.92416,0.91774,0.66635,1.06762,0.64707,0.90947,0.00141788,0.00141788,0.00141788
149,395.023,1.02653,0.58746,0.91863,0.88652,0.86803,0.89937,0.64816,1.03433,0.67245,0.90522,0.00141392,0.00141392,0.00141392
150,397.66,0.98013,0.55749,0.89296,0.8567,0.85714,0.89264,0.63532,1.07576,0.69536,0.92023,0.00140996,0.00140996,0.00140996
151,400.317,0.9855,0.55857,0.88921,0.9209,0.80952,0.89664,0.64783,1.12951,0.71593,0.91943,0.001406,0.001406,0.001406
152,402.95,1.00672,0.55449,0.91557,0.91559,0.80952,0.89993,0.64114,1.15719,0.73225,0.92421,0.00140204,0.00140204,0.00140204
153,405.602,1.0911,0.59566,0.94163,0.94806,0.84127,0.94987,0.69388,1.1111,0.62906,0.91569,0.00139808,0.00139808,0.00139808
154,408.327,1.05813,0.627,0.91608,0.84649,0.90476,0.93511,0.68092,1.09225,0.66368,0.90101,0.00139412,0.00139412,0.00139412
155,410.965,1.04052,0.56342,0.89986,0.8208,0.90476,0.91661,0.66052,1.13522,0.70121,0.90889,0.00139016,0.00139016,0.00139016
156,413.615,1.04721,0.5852,0.90888,0.86007,0.87813,0.92634,0.65042,1.1783,0.71122,0.94996,0.0013862,0.0013862,0.0013862
157,416.243,1.04699,0.61322,0.89647,0.94563,0.82822,0.93649,0.65571,1.12,0.69367,0.92525,0.00138224,0.00138224,0.00138224
158,418.879,1.02885,0.60772,0.89022,0.87452,0.88502,0.92917,0.6548,1.09565,0.69696,0.9132,0.00137828,0.00137828,0.00137828
159,421.511,0.95353,0.52679,0.89301,0.91525,0.88889,0.92738,0.67455,1.0709,0.63008,0.90892,0.00137432,0.00137432,0.00137432
160,424.134,1.02396,0.57052,0.89112,0.86343,0.90323,0.93071,0.68892,1.06185,0.64301,0.90272,0.00137036,0.00137036,0.00137036
161,426.769,1.02123,0.56734,0.89267,0.91117,0.8141,0.91302,0.64992,1.07985,0.67394,0.90384,0.0013664,0.0013664,0.0013664
162,429.394,1.04121,0.58371,0.90798,0.92797,0.81799,0.90584,0.63982,1.10975,0.69003,0.91558,0.00136244,0.00136244,0.00136244
163,432.02,1.05089,0.59706,0.91047,0.92284,0.80952,0.91393,0.65918,1.09771,0.66943,0.91727,0.00135848,0.00135848,0.00135848
164,434.653,0.99913,0.56231,0.89767,0.81244,0.92063,0.91066,0.65364,1.10171,0.70432,0.91756,0.00135452,0.00135452,0.00135452
165,437.276,0.96462,0.5338,0.89434,0.84813,0.93651,0.91695,0.6406,1.14974,0.67496,0.92705,0.00135056,0.00135056,0.00135056
166,439.899,1.01445,0.58506,0.89728,0.85013,0.93651,0.91484,0.65302,1.12731,0.65899,0.92327,0.0013466,0.0013466,0.0013466
167,442.536,0.97048,0.54398,0.88248,0.85269,0.87302,0.86607,0.61607,1.08375,0.74145,0.91216,0.00134264,0.00134264,0.00134264
168,445.162,0.9513,0.54411,0.88709,0.86286,0.89886,0.88885,0.62902,1.10642,0.7186,0.91535,0.00133868,0.00133868,0.00133868
169,447.798,0.93533,0.50286,0.87037,0.87761,0.91061,0.90151,0.63934,1.06496,0.67307,0.90382,0.00133472,0.00133472,0.00133472
170,450.427,0.96108,0.55023,0.88965,0.87221,0.90476,0.90633,0.65595,1.046,0.67658,0.8965,0.00133076,0.00133076,0.00133076
171,453.043,1.01233,0.5642,0.88299,0.87784,0.92063,0.90803,0.64294,1.08266,0.6761,0.90618,0.0013268,0.0013268,0.0013268
172,455.685,0.96838,0.54814,0.89718,0.83915,0.87302,0.88387,0.61613,1.09023,0.77909,0.91042,0.00132284,0.00132284,0.00132284
173,458.318,0.97048,0.57502,0.89112,0.84373,0.87302,0.88436,0.63657,1.07747,0.76624,0.90849,0.00131888,0.00131888,0.00131888
174,460.95,0.97836,0.54331,0.88114,0.81586,0.91434,0.91267,0.64842,1.09561,0.74789,0.91392,0.00131492,0.00131492,0.00131492
175,463.587,0.96985,0.55151,0.89615,0.87544,0.85714,0.89731,0.65907,1.08688,0.70823,0.90459,0.00131096,0.00131096,0.00131096
176,466.233,0.97248,0.56294,0.88664,0.86604,0.85714,0.9084,0.66429,1.04972,0.69265,0.89517,0.001307,0.001307,0.001307
177,468.875,1.03444,0.56426,0.92038,0.84695,0.87841,0.91913,0.66038,1.06531,0.6594,0.90901,0.00130304,0.00130304,0.00130304
178,471.505,1.00061,0.55766,0.89555,0.87331,0.90476,0.91332,0.64113,1.10013,0.6874,0.91309,0.00129908,0.00129908,0.00129908
179,474.125,0.95772,0.54651,0.90128,0.86874,0.90476,0.91147,0.6648,1.0557,0.69351,0.90292,0.00129512,0.00129512,0.00129512
180,476.762,0.95477,0.51204,0.88529,0.83778,0.90179,0.88879,0.64853,1.08503,0.71534,0.91438,0.00129116,0.00129116,0.00129116
181,479.398,0.98168,0.56218,0.89439,0.83516,0.90476,0.8969,0.63014,1.12746,0.70558,0.92258,0.0012872,0.0012872,0.0012872
182,482.058,0.96818,0.55612,0.89218,0.87224,0.86698,0.90384,0.64059,1.12056,0.71769,0.92561,0.00128324,0.00128324,0.00128324
183,484.701,0.95195,0.5458,0.88359,0.86032,0.88889,0.8996,0.64999,1.09733,0.72886,0.9309,0.00127928,0.00127928,0.00127928
184,487.324,1.00954,0.54774,0.9012,0.85536,0.87302,0.89386,0.64795,1.08668,0.74699,0.92107,0.00127532,0.00127532,0.00127532
185,489.955,0.94879,0.5143,0.87541,0.88283,0.83722,0.88931,0.64034,1.05822,0.78676,0.90252,0.00127136,0.00127136,0.00127136
186,492.582,0.90793,0.50272,0.8633,0.92098,0.79365,0.90048,0.65169,1.04776,0.78585,0.90224,0.0012674,0.0012674,0.0012674
187,495.208,0.95388,0.54474,0.87381,0.87638,0.85714,0.90171,0.6581,1.01869,0.76121,0.89321,0.00126344,0.00126344,0.00126344
188,497.835,0.94074,0.52511,0.89228,0.88353,0.90476,0.90763,0.64745,1.1272,0.69885,0.91958,0.00125948,0.00125948,0.00125948
189,500.454,0.95217,0.52447,0.87346,0.91499,0.85423,0.92342,0.64777,1.16576,0.67562,0.93694,0.00125552,0.00125552,0.00125552
190,503.072,0.91103,0.49965,0.87809,0.84633,0.87422,0.91501,0.67257,1.07543,0.67254,0.9152,0.00125156,0.00125156,0.00125156
191,505.703,0.97737,0.53774,0.87501,0.84208,0.74603,0.83894,0.60098,1.08768,0.86236,0.91232,0.0012476,0.0012476,0.0012476
192,508.326,0.93482,0.52716,0.88912,0.85881,0.79365,0.87089,0.6209,1.13367,0.7966,0.92832,0.00124364,0.00124364,0.00124364
193,510.959,0.96265,0.53495,0.89126,0.83629,0.89195,0.88813,0.65262,1.04224,0.6916,0.89903,0.00123968,0.00123968,0.00123968
194,513.586,0.94884,0.50803,0.89284,0.85569,0.88889,0.87796,0.64528,1.02646,0.68845,0.89732,0.00123572,0.00123572,0.00123572
195,516.211,0.96074,0.54546,0.8781,0.84629,0.90476,0.86928,0.62137,1.0604,0.69661,0.90705,0.00123176,0.00123176,0.00123176
196,518.847,0.9141,0.50201,0.87972,0.86497,0.91517,0.88212,0.64255,1.09282,0.6977,0.91972,0.0012278,0.0012278,0.0012278
197,521.474,0.96135,0.52009,0.88814,0.90549,0.91251,0.89584,0.64817,1.0801,0.66855,0.91776,0.00122384,0.00122384,0.00122384
198,524.091,0.92262,0.51319,0.8896,0.85645,0.95238,0.89887,0.65503,1.07882,0.67398,0.91293,0.00121988,0.00121988,0.00121988
199,526.721,0.95924,0.51015,0.89671,0.88878,0.88889,0.90409,0.65846,1.11983,0.70445,0.91961,0.00121592,0.00121592,0.00121592
200,529.337,0.91925,0.49668,0.88582,0.86897,0.85714,0.90967,0.66474,1.08469,0.6693,0.90922,0.00121196,0.00121196,0.00121196
201,531.966,0.93557,0.51281,0.88091,0.88717,0.80952,0.88969,0.6458,1.08701,0.72706,0.91216,0.001208,0.001208,0.001208
202,534.586,0.91032,0.49507,0.87189,0.8825,0.80952,0.88999,0.64354,1.10482,0.7164,0.91585,0.00120404,0.00120404,0.00120404
203,537.211,0.93712,0.5016,0.88417,0.93173,0.7619,0.8838,0.63457,1.10099,0.72312,0.91608,0.00120008,0.00120008,0.00120008
204,539.843,0.92281,0.50782,0.88975,0.85488,0.85714,0.90206,0.65539,1.06306,0.70759,0.90572,0.00119612,0.00119612,0.00119612
205,542.474,0.93873,0.51288,0.89386,0.8621,0.89312,0.90013,0.65829,1.06396,0.70703,0.90977,0.00119216,0.00119216,0.00119216
206,545.095,0.95803,0.54,0.87914,0.87541,0.87302,0.89835,0.65212,1.09799,0.6823,0.92503,0.0011882,0.0011882,0.0011882
207,547.73,0.89562,0.50833,0.85937,0.87129,0.85965,0.8828,0.657,1.03892,0.67135,0.90569,0.00118424,0.00118424,0.00118424
208,550.353,0.93171,0.53537,0.88258,0.88189,0.87302,0.87693,0.65842,1.0093,0.66872,0.89908,0.00118028,0.00118028,0.00118028
209,552.986,0.9612,0.52457,0.87304,0.88752,0.87673,0.89199,0.64712,1.03326,0.6631,0.90276,0.00117632,0.00117632,0.00117632
210,555.611,0.92285,0.48825,0.85751,0.8724,0.86828,0.88521,0.62949,1.06412,0.67979,0.91108,0.00117236,0.00117236,0.00117236
211,558.235,0.91233,0.50778,0.8855,0.89968,0.85413,0.88907,0.62151,1.06528,0.66195,0.92234,0.0011684,0.0011684,0.0011684
212,560.866,0.92736,0.51406,0.87488,0.88131,0.87302,0.90269,0.62704,1.13816,0.66565,0.94643,0.00116444,0.00116444,0.00116444
213,563.49,0.98462,0.5281,0.90642,0.87441,0.88414,0.89178,0.61803,1.13701,0.72598,0.93809,0.00116048,0.00116048,0.00116048
214,566.112,0.95529,0.51901,0.89181,0.86971,0.85714,0.89047,0.64869,1.10055,0.71837,0.93506,0.00115652,0.00115652,0.00115652
215,568.747,0.98062,0.52616,0.87684,0.90317,0.88889,0.9251,0.65306,1.16524,0.67535,0.95119,0.00115256,0.00115256,0.00115256
216,571.373,0.94321,0.55109,0.88733,0.93163,0.87302,0.92649,0.65533,1.18166,0.68106,0.9489,0.0011486,0.0011486,0.0011486
217,574.009,0.91587,0.51182,0.87624,0.88846,0.88506,0.88741,0.64201,1.10183,0.7148,0.93115,0.00114464,0.00114464,0.00114464
218,576.637,0.87063,0.49486,0.8714,0.8774,0.87302,0.89159,0.64987,1.11585,0.70137,0.93447,0.00114068,0.00114068,0.00114068
219,579.26,0.87177,0.48527,0.8622,0.89964,0.85373,0.91548,0.67129,1.0858,0.69133,0.91704,0.00113672,0.00113672,0.00113672
220,581.888,0.91618,0.51533,0.88386,0.86246,0.87302,0.91397,0.65452,1.10587,0.70569,0.91846,0.00113276,0.00113276,0.00113276
221,584.508,0.89069,0.49567,0.87094,0.86338,0.90282,0.92015,0.67091,1.09432,0.68035,0.92165,0.0011288,0.0011288,0.0011288
222,587.135,0.87362,0.50667,0.86385,0.88523,0.87302,0.91863,0.67534,1.07156,0.70298,0.91642,0.00112484,0.00112484,0.00112484
223,589.767,0.92463,0.50321,0.87476,0.87143,0.8607,0.88544,0.65448,1.06471,0.72263,0.91308,0.00112088,0.00112088,0.00112088
224,592.392,0.87593,0.4843,0.87657,0.85263,0.91841,0.89287,0.66386,1.07758,0.68721,0.92007,0.00111692,0.00111692,0.00111692
225,595.029,0.91039,0.48127,0.86187,0.85469,0.92063,0.91728,0.69445,1.02585,0.68368,0.896,0.00111296,0.00111296,0.00111296
226,597.656,0.91142,0.4973,0.8854,0.8785,0.91818,0.91897,0.69528,1.02255,0.66718,0.89345,0.001109,0.001109,0.001109
227,600.279,0.89369,0.5163,0.87541,0.86367,0.92063,0.91907,0.69065,1.02386,0.64705,0.89413,0.00110504,0.00110504,0.00110504
228,602.912,0.88814,0.50848,0.87507,0.89709,0.87302,0.917,0.69919,1.01407,0.63588,0.88975,0.00110108,0.00110108,0.00110108
229,605.613,0.8858,0.48133,0.87529,0.86781,0.90476,0.90775,0.675,1.01882,0.6594,0.88743,0.00109712,0.00109712,0.00109712
230,608.236,0.89012,0.50723,0.88692,0.8903,0.92063,0.91085,0.66866,1.05148,0.70419,0.89749,0.00109316,0.00109316,0.00109316
231,610.871,0.83807,0.47751,0.86614,0.92533,0.92063,0.93766,0.69124,1.05403,0.62646,0.8987,0.0010892,0.0010892,0.0010892
232,613.509,0.87288,0.48241,0.87005,0.91773,0.88889,0.93616,0.68952,1.05028,0.60518,0.89961,0.00108524,0.00108524,0.00108524
233,616.143,0.88897,0.52876,0.86193,0.90992,0.88889,0.93246,0.70002,1.03478,0.627,0.89256,0.00108128,0.00108128,0.00108128
234,618.84,0.87846,0.48221,0.87065,0.9103,0.88889,0.93411,0.70223,1.05342,0.64198,0.90081,0.00107732,0.00107732,0.00107732
235,621.527,0.87863,0.48509,0.86266,0.91453,0.88889,0.93244,0.68706,1.08064,0.63403,0.90823,0.00107336,0.00107336,0.00107336
236,624.159,0.92415,0.4966,0.89023,0.92787,0.87302,0.93102,0.6886,1.04877,0.60877,0.89891,0.0010694,0.0010694,0.0010694
237,626.785,0.90513,0.49362,0.88491,0.93198,0.87302,0.93925,0.70304,1.02123,0.59939,0.89464,0.00106544,0.00106544,0.00106544
238,629.48,0.95377,0.51088,0.87872,0.93044,0.87302,0.94315,0.70345,1.00218,0.59557,0.89233,0.00106148,0.00106148,0.00106148
239,632.19,0.85432,0.47211,0.85607,0.92145,0.8254,0.9295,0.69106,1.00469,0.65258,0.88823,0.00105752,0.00105752,0.00105752
240,634.814,0.85434,0.47444,0.86619,0.88972,0.85714,0.93452,0.70443,1.01202,0.64647,0.89153,0.00105356,0.00105356,0.00105356
241,637.528,0.84405,0.46758,0.86958,0.92896,0.87302,0.94926,0.71163,1.01266,0.60722,0.88761,0.0010496,0.0010496,0.0010496
242,640.226,0.84893,0.46581,0.86911,0.93349,0.89121,0.95044,0.71647,1.00541,0.60014,0.88535,0.00104564,0.00104564,0.00104564
243,642.919,0.89891,0.47677,0.87736,0.93219,0.92063,0.94593,0.7013,1.02022,0.60539,0.891,0.00104168,0.00104168,0.00104168
244,645.556,0.8301,0.44606,0.87282,0.90359,0.89264,0.94077,0.69604,1.04289,0.62137,0.89721,0.00103772,0.00103772,0.00103772
245,648.194,0.89424,0.4745,0.85951,0.90399,0.89683,0.9355,0.70618,1.0186,0.63616,0.88919,0.00103376,0.00103376,0.00103376
246,650.825,0.8785,0.47954,0.8729,0.90036,0.90476,0.92701,0.69787,1.01705,0.64347,0.88696,0.0010298,0.0010298,0.0010298
247,653.458,0.88954,0.48195,0.87227,0.88794,0.90476,0.92311,0.69345,1.033,0.64051,0.89862,0.00102584,0.00102584,0.00102584
248,656.083,0.8844,0.49784,0.88641,0.91756,0.88337,0.91841,0.68706,1.01833,0.62546,0.89385,0.00102188,0.00102188,0.00102188
249,658.729,0.85717,0.48783,0.86215,0.86068,0.88889,0.90148,0.67354,0.98866,0.64132,0.88389,0.00101792,0.00101792,0.00101792
250,661.36,0.85532,0.47072,0.8696,0.89149,0.85714,0.9009,0.66925,1.00726,0.65104,0.88397,0.00101396,0.00101396,0.00101396
251,663.992,0.88137,0.48419,0.87223,0.84932,0.90476,0.90426,0.65666,1.03102,0.62677,0.89052,0.00101,0.00101,0.00101
252,666.628,0.84083,0.4732,0.86706,0.89815,0.88889,0.91968,0.67309,1.02358,0.62545,0.89026,0.00100604,0.00100604,0.00100604
253,669.254,0.89992,0.48853,0.88726,0.86928,0.95238,0.92907,0.67997,1.0447,0.60437,0.89488,0.00100208,0.00100208,0.00100208
254,671.873,0.87078,0.48358,0.87182,0.88057,0.93626,0.93757,0.67504,1.09726,0.60083,0.9096,0.00099812,0.00099812,0.00099812
255,674.507,0.86818,0.47373,0.87707,0.89021,0.90476,0.94496,0.67653,1.09463,0.59539,0.90381,0.00099416,0.00099416,0.00099416
256,677.132,0.90777,0.48673,0.8578,0.86559,0.92063,0.93636,0.67076,1.08434,0.62069,0.90241,0.0009902,0.0009902,0.0009902
257,679.76,0.8994,0.49994,0.86734,0.8385,0.90658,0.92211,0.66336,1.11497,0.65213,0.91701,0.00098624,0.00098624,0.00098624
258,682.387,0.89429,0.50841,0.86113,0.86857,0.88889,0.91081,0.6567,1.11256,0.65062,0.91185,0.00098228,0.00098228,0.00098228
259,685.008,0.87763,0.48929,0.86609,0.87762,0.88889,0.90771,0.64196,1.11496,0.67324,0.91048,0.00097832,0.00097832,0.00097832
260,687.643,0.85292,0.47329,0.87098,0.91436,0.90476,0.91762,0.66108,1.08321,0.66446,0.90318,0.00097436,0.00097436,0.00097436
261,690.268,0.89378,0.48681,0.86129,0.90721,0.90476,0.91662,0.65977,1.07034,0.64863,0.9026,0.0009704,0.0009704,0.0009704
262,692.901,0.88229,0.48285,0.86518,0.91901,0.90476,0.91328,0.67165,1.06972,0.6423,0.90268,0.00096644,0.00096644,0.00096644
263,695.544,0.85962,0.46354,0.86701,0.91626,0.90476,0.91418,0.65782,1.06368,0.66506,0.90123,0.00096248,0.00096248,0.00096248
264,698.166,0.87151,0.4923,0.85313,0.91676,0.90476,0.91506,0.64946,1.06783,0.67783,0.90337,0.00095852,0.00095852,0.00095852
265,700.794,0.82604,0.45465,0.86543,0.8584,0.92063,0.91254,0.65431,1.0891,0.65423,0.90947,0.00095456,0.00095456,0.00095456
266,703.428,0.81624,0.43795,0.87608,0.87261,0.88889,0.91791,0.65512,1.08551,0.64125,0.90998,0.0009506,0.0009506,0.0009506
267,706.054,0.85585,0.45988,0.86026,0.87804,0.91431,0.92441,0.67094,1.08668,0.63617,0.91122,0.00094664,0.00094664,0.00094664
268,708.685,0.88105,0.471,0.86944,0.91744,0.88205,0.92519,0.68824,1.05263,0.61664,0.90245,0.00094268,0.00094268,0.00094268
269,711.308,0.8624,0.46282,0.86041,0.91691,0.87582,0.92544,0.68708,1.05812,0.61165,0.90577,0.00093872,0.00093872,0.00093872
270,713.937,0.8696,0.45428,0.84858,0.91835,0.89271,0.92958,0.68224,1.08679,0.63322,0.91558,0.00093476,0.00093476,0.00093476
271,716.573,0.84284,0.46786,0.86384,0.92178,0.93527,0.92372,0.68273,1.04917,0.6164,0.9029,0.0009308,0.0009308,0.0009308
272,719.194,0.857,0.46339,0.86488,0.86491,0.93651,0.91138,0.66258,1.03924,0.62581,0.89807,0.00092684,0.00092684,0.00092684
273,721.843,0.85785,0.44604,0.86912,0.84539,0.92063,0.91629,0.67598,1.05816,0.62644,0.90207,0.00092288,0.00092288,0.00092288
274,724.474,0.83098,0.44155,0.85735,0.89368,0.87302,0.91382,0.67359,1.06859,0.64278,0.90257,0.00091892,0.00091892,0.00091892
275,727.103,0.82409,0.44075,0.86236,0.91199,0.88889,0.91611,0.66253,1.07934,0.6552,0.90381,0.00091496,0.00091496,0.00091496
276,729.735,0.8126,0.45575,0.86763,0.91202,0.88889,0.91873,0.68065,1.05176,0.64851,0.89565,0.000911,0.000911,0.000911
277,732.359,0.83487,0.48193,0.8628,0.9032,0.88889,0.92571,0.68632,1.03918,0.62909,0.89568,0.00090704,0.00090704,0.00090704
278,734.974,0.81554,0.45337,0.85953,0.91629,0.86877,0.92496,0.67522,1.04732,0.62469,0.89498,0.00090308,0.00090308,0.00090308
279,737.608,0.8403,0.47318,0.85646,0.85117,0.92063,0.90744,0.63586,1.11715,0.65166,0.91507,0.00089912,0.00089912,0.00089912
280,740.239,0.89818,0.49087,0.86615,0.8579,0.92063,0.90969,0.63227,1.15969,0.68277,0.9321,0.00089516,0.00089516,0.00089516
281,742.877,0.89931,0.47733,0.86742,0.87272,0.93651,0.89248,0.64665,1.12701,0.68348,0.92469,0.0008912,0.0008912,0.0008912
282,745.505,0.82973,0.44708,0.87284,0.87418,0.93651,0.90097,0.65102,1.10526,0.65827,0.91532,0.00088724,0.00088724,0.00088724
283,748.13,0.80851,0.46476,0.86234,0.86747,0.93507,0.9038,0.65123,1.0836,0.64065,0.91461,0.00088328,0.00088328,0.00088328
284,750.765,0.8398,0.46151,0.86797,0.88516,0.93651,0.92173,0.66096,1.05061,0.64716,0.90741,0.00087932,0.00087932,0.00087932
285,753.409,0.81858,0.43902,0.85274,0.89212,0.91884,0.93209,0.67389,1.04564,0.61946,0.90634,0.00087536,0.00087536,0.00087536
286,756.034,0.83102,0.47029,0.84779,0.88957,0.92063,0.93593,0.69036,1.05104,0.58846,0.90685,0.0008714,0.0008714,0.0008714
287,758.661,0.85109,0.46434,0.8892,0.90489,0.9061,0.92911,0.69329,1.03627,0.61442,0.90165,0.00086744,0.00086744,0.00086744
288,761.285,0.86455,0.45789,0.8789,0.88784,0.92063,0.92397,0.68414,1.02719,0.62391,0.89623,0.00086348,0.00086348,0.00086348
289,763.928,0.86108,0.4661,0.85848,0.89008,0.92063,0.93465,0.68132,1.06782,0.63784,0.90539,0.00085952,0.00085952,0.00085952
290,766.559,0.84995,0.47416,0.87147,0.9205,0.91899,0.93484,0.68063,1.06272,0.62708,0.90393,0.00085556,0.00085556,0.00085556
291,769.185,0.83466,0.43496,0.87751,0.91841,0.89341,0.93291,0.68294,1.05877,0.61257,0.90322,0.0008516,0.0008516,0.0008516
292,771.835,0.8552,0.47011,0.87135,0.86686,0.87302,0.9131,0.66827,1.04985,0.6529,0.90167,0.00084764,0.00084764,0.00084764
293,774.46,0.79084,0.4453,0.84838,0.88522,0.88889,0.91564,0.66656,1.03618,0.6412,0.89815,0.00084368,0.00084368,0.00084368
294,777.085,0.86206,0.46382,0.85979,0.88011,0.93226,0.93109,0.68466,1.03813,0.62212,0.89854,0.00083972,0.00083972,0.00083972
295,779.743,0.84177,0.45656,0.88139,0.89103,0.90854,0.94183,0.69274,1.06272,0.65152,0.90645,0.00083576,0.00083576,0.00083576
296,782.364,0.83129,0.45695,0.85276,0.85941,0.92063,0.93429,0.68539,1.0584,0.69011,0.90461,0.0008318,0.0008318,0.0008318
297,785,0.82356,0.45127,0.86274,0.88548,0.90476,0.93682,0.66821,1.08928,0.6812,0.9143,0.00082784,0.00082784,0.00082784
298,787.628,0.81921,0.47215,0.86348,0.90215,0.92063,0.93492,0.68046,1.07968,0.65197,0.90846,0.00082388,0.00082388,0.00082388
299,790.246,0.80565,0.43373,0.84425,0.91349,0.90476,0.93667,0.68715,1.06262,0.63772,0.90271,0.00081992,0.00081992,0.00081992
300,792.885,0.82956,0.45513,0.8689,0.90474,0.90451,0.93904,0.71035,1.02672,0.65937,0.8927,0.00081596,0.00081596,0.00081596
301,795.51,0.80552,0.4454,0.85787,0.90568,0.88889,0.93357,0.69132,1.03993,0.68841,0.8972,0.000812,0.000812,0.000812
302,798.134,0.8001,0.48456,0.85293,0.91941,0.88889,0.93773,0.68939,1.06985,0.68753,0.90558,0.00080804,0.00080804,0.00080804
303,800.76,0.83683,0.45724,0.84796,0.91946,0.92063,0.93846,0.68487,1.06921,0.64155,0.9031,0.00080408,0.00080408,0.00080408
304,803.389,0.79768,0.44751,0.84725,0.90477,0.93651,0.93024,0.67644,1.06792,0.6442,0.90124,0.00080012,0.00080012,0.00080012
305,806.032,0.78204,0.42638,0.86415,0.89262,0.90476,0.93668,0.67881,1.10825,0.67335,0.91605,0.00079616,0.00079616,0.00079616
306,808.669,0.77349,0.4436,0.86557,0.87623,0.93651,0.93399,0.68678,1.08202,0.66197,0.90446,0.0007922,0.0007922,0.0007922
307,811.292,0.81946,0.45401,0.84863,0.88209,0.95004,0.93575,0.67956,1.07044,0.65706,0.90034,0.00078824,0.00078824,0.00078824
308,813.928,0.78698,0.42801,0.83798,0.8798,0.95238,0.94272,0.68157,1.08382,0.601,0.90669,0.00078428,0.00078428,0.00078428
309,816.55,0.78512,0.42229,0.83501,0.93129,0.92063,0.94071,0.67855,1.0698,0.61633,0.90151,0.00078032,0.00078032,0.00078032
310,819.174,0.7798,0.43686,0.85843,0.90439,0.93651,0.93883,0.69123,1.03913,0.63327,0.89017,0.00077636,0.00077636,0.00077636
311,821.826,0.77791,0.42316,0.84855,0.88656,0.93651,0.93829,0.67997,1.07542,0.65243,0.89578,0.0007724,0.0007724,0.0007724
312,824.454,0.77664,0.43771,0.85554,0.88838,0.93651,0.93583,0.67444,1.08552,0.64637,0.90046,0.00076844,0.00076844,0.00076844
313,827.103,0.74266,0.40825,0.8458,0.892,0.91769,0.94333,0.68842,1.06266,0.619,0.90257,0.00076448,0.00076448,0.00076448
314,829.735,0.81832,0.46503,0.86735,0.89323,0.90476,0.94411,0.69287,1.06803,0.61344,0.90407,0.00076052,0.00076052,0.00076052
315,832.353,0.77986,0.44078,0.86186,0.88868,0.90476,0.94325,0.68577,1.05751,0.62146,0.89938,0.00075656,0.00075656,0.00075656
316,834.987,0.86042,0.44073,0.86104,0.88589,0.92063,0.94373,0.68356,1.07814,0.62381,0.90916,0.0007526,0.0007526,0.0007526
317,837.604,0.81786,0.44998,0.8566,0.91774,0.90476,0.94189,0.68021,1.07651,0.61638,0.90241,0.00074864,0.00074864,0.00074864
318,840.24,0.78518,0.43183,0.8389,0.90434,0.90037,0.93808,0.68778,1.07434,0.61183,0.89454,0.00074468,0.00074468,0.00074468
319,842.879,0.75573,0.41763,0.84466,0.91806,0.88919,0.94132,0.69207,1.05539,0.6264,0.89017,0.00074072,0.00074072,0.00074072
320,845.493,0.78017,0.44508,0.83554,0.90424,0.88889,0.93728,0.69144,1.04776,0.64785,0.88832,0.00073676,0.00073676,0.00073676
321,848.126,0.80668,0.43839,0.85705,0.87115,0.93651,0.92138,0.68102,1.02058,0.64109,0.88357,0.0007328,0.0007328,0.0007328
322,850.75,0.81408,0.44642,0.8496,0.89065,0.90501,0.9163,0.66947,1.03218,0.63728,0.88992,0.00072884,0.00072884,0.00072884
323,853.377,0.78869,0.43194,0.84755,0.89043,0.903,0.92306,0.66884,1.05302,0.63407,0.89918,0.00072488,0.00072488,0.00072488
324,856.026,0.80088,0.44401,0.85556,0.86372,0.93651,0.92187,0.66612,1.04796,0.66805,0.89376,0.00072092,0.00072092,0.00072092
325,858.661,0.79254,0.451,0.86194,0.86645,0.95238,0.92295,0.67737,1.0298,0.6579,0.89256,0.00071696,0.00071696,0.00071696
326,861.328,0.82499,0.46055,0.85742,0.86759,0.95238,0.92903,0.68771,1.01297,0.63385,0.89097,0.000713,0.000713,0.000713
327,863.97,0.76715,0.41445,0.86163,0.88016,0.93268,0.92028,0.67365,1.05601,0.64866,0.90089,0.00070904,0.00070904,0.00070904
328,866.591,0.79531,0.44186,0.83599,0.89531,0.95026,0.92026,0.67138,1.06248,0.64006,0.89991,0.00070508,0.00070508,0.00070508
329,869.223,0.76861,0.43221,0.84614,0.91616,0.90476,0.93502,0.69228,1.03392,0.60626,0.89695,0.00070112,0.00070112,0.00070112
330,871.846,0.82052,0.44691,0.86297,0.91775,0.88889,0.93966,0.68936,1.0461,0.60988,0.90111,0.00069716,0.00069716,0.00069716
331,874.465,0.77093,0.42338,0.84561,0.92113,0.88889,0.93662,0.68547,1.05798,0.62372,0.90016,0.0006932,0.0006932,0.0006932
332,877.097,0.78038,0.4257,0.84596,0.91623,0.86809,0.92709,0.68038,1.07475,0.65451,0.90395,0.00068924,0.00068924,0.00068924
333,879.715,0.79888,0.45563,0.8632,0.90819,0.87302,0.92874,0.68014,1.07414,0.65097,0.9074,0.00068528,0.00068528,0.00068528
334,882.336,0.80653,0.46055,0.866,0.91797,0.88817,0.93002,0.67992,1.0767,0.63352,0.91059,0.00068132,0.00068132,0.00068132
335,884.974,0.75478,0.41318,0.85175,0.909,0.90476,0.9321,0.69277,1.07866,0.61032,0.90252,0.00067736,0.00067736,0.00067736
336,887.595,0.82826,0.45634,0.85249,0.90507,0.90801,0.93692,0.68433,1.10756,0.61917,0.90786,0.0006734,0.0006734,0.0006734
337,890.228,0.82684,0.45428,0.8558,0.89571,0.92063,0.93997,0.68306,1.08696,0.60727,0.9131,0.00066944,0.00066944,0.00066944
338,892.855,0.78369,0.42152,0.83991,0.88615,0.93651,0.93297,0.68501,1.06526,0.60153,0.90838,0.00066548,0.00066548,0.00066548
339,895.48,0.79767,0.44502,0.84936,0.87419,0.92063,0.92467,0.68379,1.06977,0.61558,0.90684,0.00066152,0.00066152,0.00066152
340,898.109,0.76824,0.43561,0.84549,0.86825,0.93651,0.93,0.66906,1.10058,0.62953,0.91318,0.00065756,0.00065756,0.00065756
341,900.723,0.75718,0.42408,0.85856,0.8894,0.95238,0.93568,0.67666,1.07186,0.61464,0.90766,0.0006536,0.0006536,0.0006536
342,903.343,0.737,0.40949,0.84199,0.89547,0.95186,0.94273,0.69126,1.05882,0.6087,0.9035,0.00064964,0.00064964,0.00064964
